program,lines_of_code,num_functions,num_loops,max_loop_nesting,num_branches,num_pointers,num_recursive_calls,num_instructions,num_memory_ops,num_jump_insns,num_call_insns,num_arithmetic,num_float_ops,num_basic_blocks,cyclomatic_complexity,instruction_mix_ratio,memory_intensity,branch_intensity,float_ratio,call_density,best_time_seq,best_size_seq,best_time_seq_name,best_size_seq_name,exec_time_O2,exec_time_O3,best_exec_time,best_size_bytes,speedup_vs_O3,size_ratio_vs_O3
bubble_sort,24,2,3,2,1,1,3,106,56,7,7,25,4,15,8,0.2358490566037736,0.5283018867924528,0.0660377358490566,0.03773584905660377,0.0660377358490566,5,0,O2_unroll_vec,O0_baseline,0.0517929000000094,0.0536463000000821,0.0417339000000538,41581.0,1.285437018826732,1.00086578004377
fibonacci,15,2,0,0,1,0,2,60,34,2,7,8,4,10,3,0.13333333333333333,0.5666666666666667,0.03333333333333333,0.06666666666666667,0.11666666666666667,8,0,O2_no_inline,O0_baseline,1.3351339999999254,1.4821423999999297,1.2889268999999786,41381.0,1.149904156705826,1.0256156206954883
hash_table,35,4,3,1,2,5,6,128,75,9,12,17,4,23,10,0.1328125,0.5859375,0.0703125,0.03125,0.09375,17,1,O1_unroll,O1_basic,0.0730238999999528,0.074651299999914,0.0603708000001006,41608.0,1.2365464761074825,1.0131705441261296
linked_list,33,3,3,1,0,7,5,91,55,6,9,9,4,20,7,0.0989010989010989,0.6043956043956044,0.06593406593406594,0.04395604395604396,0.0989010989010989,4,0,Os_size,O0_baseline,0.0342432999998436,0.0337535999999545,0.0324477999999999,41962.0,1.04024309814393,1.0008579190696345
matrix_mult,28,3,5,3,0,2,4,126,49,10,6,19,22,22,11,0.15079365079365079,0.3888888888888889,0.07936507936507936,0.1746031746031746,0.047619047619047616,17,0,O1_unroll,O0_baseline,0.032138100000111,0.0347046000001682,0.0306231000001844,41470.0,1.1332817382942688,1.0008680974198216
quicksort,33,3,2,1,2,2,4,150,99,6,10,23,4,17,7,0.15333333333333332,0.66,0.04,0.02666666666666667,0.06666666666666667,8,0,O2_no_inline,O0_baseline,0.073639200000116,0.0749193999999988,0.0717483999999331,41608.0,1.0441961075099746,1.0377811959238608
sieve,20,1,3,1,2,2,2,92,47,10,6,16,4,14,11,0.17391304347826086,0.5108695652173914,0.10869565217391304,0.043478260869565216,0.06521739130434782,17,0,O1_unroll,O0_baseline,0.05709620000016,0.0606593999998494,0.0483508999998321,41363.0,1.2545660990810934,1.0008703430602228
stencil2d,33,3,7,3,0,1,4,151,56,14,6,25,26,27,15,0.16556291390728478,0.3708609271523179,0.09271523178807947,0.17218543046357615,0.039735099337748346,19,0,full_aggressive,O0_baseline,0.0358192000001054,0.0335079000001314,0.0318500000000767,41435.0,1.0520533751978245,1.025582237239049
string_ops,35,3,4,1,6,3,5,122,56,10,9,28,4,23,11,0.22950819672131148,0.45901639344262296,0.08196721311475409,0.03278688524590164,0.07377049180327869,12,0,O3_no_vec,O0_baseline,0.145145900000216,0.1485399999999117,0.1386429000001499,41645.0,1.0713855523777351,1.013158842598151
vector_ops,25,3,3,1,0,4,4,114,49,6,6,14,30,18,7,0.12280701754385964,0.4298245614035088,0.05263157894736842,0.2631578947368421,0.05263157894736842,18,0,O2_gcse_pre,O0_baseline,0.0756346000000576,0.0731827000001885,0.0683054000000993,41453.0,1.0714043106413567,1.000868453429185
